Time,Y,Yd,Ydd
0,7310.54,3319.07,-3711.41
0.00585123,7329.9,3297.35,-3711.41
0.0117025,7349.13,3275.64,-3711.41
0.0175537,7368.23,3253.92,-3711.41
0.0234049,7387.21,3232.2,-3711.41
0.0292561,7406.05,3210.49,-3711.41
0.0351074,7424.78,3188.77,-3711.41
0.0409586,7443.37,3167.06,-3711.41
0.0468098,7461.84,3145.34,-3711.41
0.0526611,7480.18,3123.62,-3711.41
0.0585123,7498.39,3101.91,-3711.41
0.0643635,7516.48,3080.19,-3711.41
0.0702148,7534.44,3058.47,-3711.41
0.076066,7552.27,3036.76,-3711.41
0.0819172,7569.98,3015.04,-3711.41
0.0877685,7587.55,2993.33,-3711.41
0.0936197,7605.01,2971.61,-3711.41
0.0994709,7622.33,2949.89,-3711.41
0.105322,7639.53,2928.18,-3711.41
0.111173,7656.6,2906.46,-3711.41
0.117025,7673.54,2884.74,-3711.41
0.122876,7690.35,2863.03,-3711.41
0.128727,7707.04,2841.31,-3711.41
0.134578,7723.61,2819.59,-3711.41
0.14043,7740.04,2797.88,-3711.41
0.146281,7756.35,2776.16,-3711.41
0.152132,7772.53,2754.45,-3711.41
0.157983,7788.58,2732.73,-3711.41
0.163834,7804.51,2711.01,-3711.41
0.169686,7820.31,2689.3,-3711.41
0.175537,7835.98,2667.58,-3711.41
0.181388,7851.52,2645.86,-3711.41
0.187239,7866.94,2624.15,-3711.41
0.193091,7882.23,2602.43,-3711.41
0.198942,7897.4,2580.72,-3711.41
0.204793,7912.43,2559,-3711.41
0.210644,7927.34,2537.28,-3711.41
0.216495,7942.13,2515.57,-3711.41
0.222347,7956.78,2493.85,-3711.41
0.228198,7971.31,2472.13,-3711.41
0.234049,7985.71,2450.42,-3711.41
0.2399,7999.99,2428.7,-3711.41
0.245752,8014.13,2406.99,-3711.41
0.251603,8028.15,2385.27,-3711.41
0.257454,8042.05,2363.55,-3711.41
0.263305,8055.81,2341.84,-3711.41
0.269157,8069.45,2320.12,-3711.41
0.275008,8082.96,2298.4,-3711.41
0.280859,8096.35,2276.69,-3711.41
0.28671,8109.61,2254.97,-3711.41
0.292561,8122.74,2233.25,-3711.41
0.298413,8135.74,2211.54,-3711.41
0.304264,8148.62,2189.82,-3711.41
0.310115,8161.37,2168.11,-3711.41
0.315966,8173.99,2146.39,-3711.41
0.321818,8186.49,2124.67,-3711.41
0.327669,8198.85,2102.96,-3711.41
0.33352,8211.1,2081.24,-3711.41
0.339371,8223.21,2059.52,-3711.41
0.345223,8235.2,2037.81,-3711.41
0.351074,8247.06,2016.09,-3711.41
0.356925,8258.79,1994.37,-3711.41
0.362776,8270.4,1972.66,-3711.41
0.368628,8281.88,1950.94,-3711.41
0.374479,8293.23,1929.23,-3711.41
0.38033,8304.45,1907.51,-3711.41
0.386181,8315.55,1885.79,-3711.41
0.392033,8326.52,1864.08,-3711.41
0.397884,8337.37,1842.36,-3711.41
0.403735,8348.08,1820.64,-3711.41
0.409586,8358.67,1798.93,-3711.41
0.415437,8369.13,1777.21,-3711.41
0.421289,8379.47,1755.49,-3711.41
0.42714,8389.68,1733.78,-3711.41
0.432991,8399.76,1712.06,-3711.41
0.438842,8409.71,1690.35,-3711.41
0.444694,8419.54,1668.63,-3711.41
0.450545,8429.24,1646.91,-3711.41
0.456396,8438.81,1625.2,-3711.41
0.462247,8448.26,1603.48,-3711.41
0.468099,8457.58,1581.76,-3711.41
0.47395,8466.77,1560.05,-3711.41
0.479801,8475.83,1538.33,-3711.41
0.485652,8484.77,1516.62,-3711.41
0.491504,8493.58,1494.9,-3711.41
0.497355,8502.27,1473.18,-3711.41
0.503206,8510.82,1451.47,-3711.41
0.509057,8519.25,1429.75,-3711.41
0.514908,8527.55,1408.03,-3711.41
0.52076,8535.73,1386.32,-3711.41
0.526611,8543.78,1364.6,-3711.41
0.532462,8551.7,1342.88,-3711.41
0.538313,8559.49,1321.17,-3711.41
0.544165,8567.16,1299.45,-3711.41
0.550016,8574.7,1277.74,-3711.41
0.555867,8582.11,1256.02,-3711.41
0.561718,8589.4,1234.3,-3711.41
0.567569,8596.56,1212.59,-3711.41
0.573421,8603.59,1190.87,-3711.41
0.579272,8610.49,1169.16,-3711.41
0.585123,8617.27,1147.44,-3711.41
0.590974,8623.92,1125.72,-3711.41
0.596825,8630.44,1104.01,-3711.41
0.602677,8636.84,1082.29,-3711.41
0.608528,8643.11,1060.57,-3711.41
0.614379,8649.25,1038.86,-3711.41
0.62023,8655.26,1017.14,-3711.41
0.626081,8661.15,995.425,-3711.41
0.631933,8666.91,973.709,-3711.41
0.637784,8672.55,951.993,-3711.41
0.643635,8678.05,930.276,-3711.41
0.649486,8683.43,908.56,-3711.41
0.655338,8688.69,886.844,-3711.41
0.661189,8693.81,865.128,-3711.41
0.66704,8698.81,843.411,-3711.41
0.672891,8703.68,821.695,-3711.41
0.678742,8708.43,799.979,-3711.41
0.684594,8713.04,778.263,-3711.41
0.690445,8717.53,756.547,-3711.41
0.696296,8721.9,734.83,-3711.41
0.702147,8726.13,713.114,-3711.41
0.707998,8730.24,691.398,-3711.41
0.71385,8734.22,669.682,-3711.41
0.719701,8738.08,647.965,-3711.41
0.725552,8741.81,626.249,-3711.41
0.731403,8745.41,604.533,-3711.41
0.737254,8748.88,582.817,-3711.41
0.743106,8752.23,561.1,-3711.41
0.748957,8755.45,539.384,-3711.41
0.754808,8758.54,517.668,-3711.41
0.760659,8761.51,495.952,-3711.41
0.76651,8764.34,474.235,-3711.41
0.772362,8767.06,452.519,-3711.41
0.778213,8769.64,430.803,-3711.41
0.784064,8772.1,409.087,-3711.41
0.789915,8774.43,387.371,-3711.41
0.795767,8776.63,365.654,-3711.41
0.801618,8778.71,343.938,-3711.41
0.807469,8780.66,322.222,-3711.41
0.81332,8782.48,300.506,-3711.41
0.819171,8784.17,278.789,-3711.41
0.825023,8785.74,257.073,-3711.41
0.830874,8787.18,235.357,-3711.41
0.836725,8788.49,213.641,-3711.41
0.842576,8789.68,191.924,-3711.41
0.848427,8790.74,170.208,-3711.41
0.854279,8791.67,148.492,-3711.41
0.86013,8792.48,126.776,-3711.41
0.865981,8793.16,105.059,-3711.41
0.871832,8793.71,83.3433,-3711.41
0.877683,8794.13,61.627,-3711.41
0.883535,8794.43,39.9106,-3711.41
0.889386,8794.6,18.1946,-3711.41
0.895237,8794.64,-3.52173,-3711.41
0.901088,8794.56,-25.238,-3711.41
0.90694,8794.35,-46.9541,-3711.41
0.912791,8794.01,-68.6704,-3711.41
0.918642,8793.54,-90.3867,-3711.41
0.924493,8792.95,-112.103,-3711.41
0.930344,8792.23,-133.819,-3711.41
0.936196,8791.38,-155.535,-3711.41
0.942047,8790.41,-177.252,-3711.41
0.947898,8789.31,-198.968,-3711.41
0.953749,8788.08,-220.684,-3711.41
0.9596,8786.73,-242.4,-3711.41
0.965452,8785.25,-264.116,-3711.41
0.971303,8783.64,-285.833,-3711.41
0.977154,8781.9,-307.549,-3711.41
0.983005,8780.04,-329.265,-3711.41
0.988856,8778.05,-350.981,-3711.41
0.994708,8775.93,-372.698,-3711.41
1.00056,8773.69,-394.414,-3711.41
1.00641,8771.31,-416.13,-3711.41
1.01226,8768.82,-437.847,-3711.41
1.01811,8766.19,-459.563,-3711.41
1.02396,8763.44,-481.28,-3711.41
1.02982,8760.56,-502.996,-3711.41
1.03567,8757.55,-524.713,-3711.41
1.04152,8754.42,-546.429,-3711.41
1.04737,8751.16,-568.146,-3711.41
1.05322,8747.77,-589.862,-3711.41
1.05907,8744.25,-611.579,-3711.41
1.06492,8740.61,-633.295,-3711.41
1.07077,8736.84,-655.011,-3711.41
1.07663,8732.95,-676.728,-3711.41
1.08248,8728.92,-698.444,-3711.41
1.08833,8724.77,-720.161,-3711.41
1.09418,8720.5,-741.877,-3711.41
1.10003,8716.09,-763.594,-3711.41
1.10588,8711.56,-785.31,-3711.41
1.11173,8706.9,-807.027,-3711.41
1.11758,8702.12,-828.743,-3711.41
1.12344,8697.2,-850.46,-3711.41
1.12929,8692.16,-872.176,-3711.41
1.13514,8687,-893.892,-3711.41
1.14099,8681.7,-915.609,-3711.41
1.14684,8676.28,-937.325,-3711.41
1.15269,8670.73,-959.042,-3711.41
1.15854,8665.06,-980.759,-3711.41
1.16439,8659.25,-1002.47,-3711.41
1.17025,8653.33,-1024.19,-3711.41
1.1761,8647.27,-1045.91,-3711.41
1.18195,8641.09,-1067.62,-3711.41
1.1878,8634.78,-1089.34,-3711.41
1.19365,8628.34,-1111.06,-3711.41
1.1995,8621.77,-1132.77,-3711.41
1.20535,8615.08,-1154.49,-3711.41
1.2112,8608.26,-1176.21,-3711.41
1.21706,8601.32,-1197.92,-3711.41
1.22291,8594.24,-1219.64,-3711.41
1.22876,8587.04,-1241.36,-3711.41
1.23461,8579.72,-1263.07,-3711.41
1.24046,8572.26,-1284.79,-3711.41
1.24631,8564.68,-1306.51,-3711.41
1.25216,8556.97,-1328.22,-3711.41
1.25801,8549.14,-1349.94,-3711.41
1.26387,8541.18,-1371.65,-3711.41
1.26972,8533.09,-1393.37,-3711.41
1.27557,8524.87,-1415.09,-3711.41
1.28142,8516.53,-1436.8,-3711.41
1.28727,8508.05,-1458.52,-3711.41
1.29312,8499.46,-1480.24,-3711.41
1.29897,8490.73,-1501.95,-3711.41
1.30482,8481.88,-1523.67,-3711.41
1.31068,8472.9,-1545.39,-3711.41
1.31653,8463.8,-1567.1,-3711.41
1.32238,8454.56,-1588.82,-3711.41
1.32823,8445.2,-1610.54,-3711.41
1.33408,8435.72,-1632.25,-3711.41
1.33993,8426.1,-1653.97,-3711.41
1.34578,8416.36,-1675.68,-3711.41
1.35163,8406.49,-1697.4,-3711.41
1.35749,8396.5,-1719.12,-3711.41
1.36334,8386.37,-1740.83,-3711.41
1.36919,8376.12,-1762.55,-3711.41
1.37504,8365.75,-1784.27,-3711.41
1.38089,8355.24,-1805.98,-3711.41
1.38674,8344.61,-1827.7,-3711.41
1.39259,8333.85,-1849.42,-3711.41
1.39845,8322.97,-1871.13,-3711.41
1.4043,8311.96,-1892.85,-3711.41
1.41015,8300.82,-1914.57,-3711.41
1.416,8289.55,-1936.28,-3711.41
1.42185,8278.16,-1958,-3711.41
1.4277,8266.64,-1979.72,-3711.41
1.43355,8254.99,-2001.43,-3711.41
1.4394,8243.22,-2023.15,-3711.41
1.44526,8231.32,-2044.86,-3711.41
1.45111,8219.29,-2066.58,-3711.41
1.45696,8207.13,-2088.3,-3711.41
1.46281,8194.85,-2110.01,-3711.41
1.46866,8182.44,-2131.73,-3711.41
1.47451,8169.9,-2153.45,-3711.41
1.48036,8157.24,-2175.16,-3711.41
1.48621,8144.45,-2196.88,-3711.41
1.49207,8131.53,-2218.6,-3711.41
1.49792,8118.48,-2240.31,-3711.41
1.50377,8105.31,-2262.03,-3711.41
1.50962,8092.01,-2283.75,-3711.41
1.51547,8078.59,-2305.46,-3711.41
1.52132,8065.03,-2327.18,-3711.41
1.52717,8051.35,-2348.9,-3711.41
1.53302,8037.55,-2370.61,-3711.41
1.53888,8023.61,-2392.33,-3711.41
1.54473,8009.55,-2414.04,-3711.41
1.55058,7995.36,-2435.76,-3711.41
1.55643,7981.04,-2457.48,-3711.41
1.56228,7966.6,-2479.19,-3711.41
1.56813,7952.03,-2500.91,-3711.41
1.57398,7937.33,-2522.63,-3711.41
1.57983,7922.51,-2544.34,-3711.41
1.58569,7907.56,-2566.06,-3711.41
1.59154,7892.48,-2587.78,-3711.41
1.59739,7877.28,-2609.49,-3711.41
1.60324,7861.94,-2631.21,-3711.41
1.60909,7846.48,-2652.93,-3711.41
1.61494,7830.9,-2674.64,-3711.41
1.62079,7815.18,-2696.36,-3711.41
1.62664,7799.34,-2718.07,-3711.41
1.6325,7783.38,-2739.79,-3711.41
1.63835,7767.28,-2761.51,-3711.41
1.6442,7751.06,-2783.22,-3711.41
1.65005,7734.71,-2804.94,-3711.41
1.6559,7718.23,-2826.66,-3711.41
1.66175,7701.63,-2848.37,-3711.41
1.6676,7684.9,-2870.09,-3711.41
1.67345,7668.04,-2891.81,-3711.41
1.67931,7651.06,-2913.52,-3711.41
1.68516,7633.95,-2935.24,-3711.41
1.69101,7616.71,-2956.96,-3711.41
1.69686,7599.34,-2978.67,-3711.41
1.70271,7581.85,-3000.39,-3711.41
1.70856,7564.23,-3022.11,-3711.41
1.71441,7546.48,-3043.82,-3711.41
1.72026,7528.61,-3065.54,-3711.41
1.72612,7510.61,-3087.25,-3711.41
1.73197,7492.48,-3108.97,-3711.41
1.73782,7474.23,-3130.69,-3711.41
1.74367,7455.84,-3152.4,-3711.41
1.74952,7437.34,-3174.12,-3711.41
1.75537,7418.7,-3195.84,-3711.41
1.76122,7399.94,-3217.55,-3711.41
1.76708,7381.05,-3239.27,-3711.41
1.77293,7362.03,-3260.99,-3711.41
1.77878,7342.88,-3282.7,-3711.41
1.78463,7323.61,-3304.42,-3711.41
1.79048,7304.21,-3326.14,-3711.41
1.79633,7284.69,-3347.85,-3711.41
1.80218,7265.04,-3369.57,-3711.41
1.80803,7245.26,-3391.28,-3711.41
1.81389,7225.35,-3413,-3711.41
1.81974,7205.32,-3434.72,-3711.41
1.82559,7185.15,-3456.43,-3711.41
1.83144,7164.87,-3478.15,-3711.41
1.83729,7144.45,-3499.87,-3711.41
1.84314,7123.91,-3521.58,-3711.41
1.84899,7103.24,-3543.3,-3711.41
1.85484,7082.44,-3565.02,-3711.41
1.8607,7061.52,-3586.73,-3711.41
1.86655,7040.47,-3608.45,-3711.41
1.8724,7019.29,-3630.17,-3711.41
1.87825,6997.99,-3651.88,-3711.41
1.8841,6976.56,-3673.6,-3711.41
1.88995,6955,-3695.32,-3711.41
1.8958,6933.31,-3717.03,-3711.41
1.90165,6911.5,-3738.75,-3711.41
1.90751,6889.56,-3760.46,-3711.41
1.91336,6867.49,-3782.18,-3711.41
1.91921,6845.3,-3803.9,-3711.41
1.92506,6822.98,-3825.61,-3711.41
1.93091,6800.53,-3847.33,-3711.41
1.93676,6777.95,-3869.05,-3711.41
1.94261,6755.25,-3890.76,-3711.41
1.94846,6732.42,-3912.48,-3711.41
1.95432,6709.46,-3934.2,-3711.41
1.96017,6686.38,-3955.91,-3711.41
1.96602,6663.17,-3977.63,-3711.41
1.97187,6639.83,-3999.35,-3711.41
1.97772,6616.37,-4021.06,-3711.41
1.98357,6592.78,-4042.78,-3711.41
1.98942,6569.06,-4064.5,-3711.41
1.99527,6545.21,-4086.21,-3711.41
2.00113,6521.24,-4107.93,-3711.41
2.00698,6497.14,-4129.64,-3711.41
2.01283,6472.91,-4151.36,-3711.41
2.01868,6448.56,-4173.08,-3711.41
2.02453,6424.07,-4194.79,-3711.41
2.03038,6399.47,-4216.51,-3711.41
2.03623,6374.73,-4238.23,-3711.41
2.04208,6349.87,-4259.94,-3711.41
2.04794,6324.88,-4281.66,-3711.41
2.05379,6299.76,-4303.38,-3711.41
2.05964,6274.52,-4325.09,-3711.41
2.06549,6249.15,-4346.81,-3711.41
2.07134,6223.65,-4368.53,-3711.41
2.07719,6198.02,-4390.24,-3711.41
2.08304,6172.27,-4411.96,-3711.41
2.08889,6146.39,-4433.67,-3711.41
2.09475,6120.39,-4455.39,-3711.41
2.1006,6094.25,-4477.11,-3711.41
2.10645,6067.99,-4498.82,-3711.41
2.1123,6041.61,-4520.54,-3711.41
2.11815,6015.09,-4542.26,-3711.41
2.124,5988.45,-4563.97,-3711.41
2.12985,5961.68,-4585.69,-3711.41
2.1357,5934.79,-4607.41,-3711.41
2.14156,5907.76,-4629.12,-3711.41
2.14741,5880.61,-4650.84,-3711.41
2.15326,5853.34,-4672.56,-3711.41
2.15911,5825.93,-4694.27,-3711.41
2.16496,5798.4,-4715.99,-3711.41
2.17081,5770.75,-4737.71,-3711.41
2.17666,5742.96,-4759.42,-3711.41
2.18252,5715.05,-4781.14,-3711.41
2.18837,5687.01,-4802.85,-3711.41
2.19422,5658.84,-4824.57,-3711.41
2.20007,5630.55,-4846.29,-3711.41
2.20592,5602.13,-4868,-3711.41
2.21177,5573.58,-4889.72,-3711.41
2.21762,5544.91,-4911.44,-3711.41
2.22347,5516.1,-4933.15,-3711.41
2.22933,5487.17,-4954.87,-3711.41
2.23518,5458.12,-4976.59,-3711.41
2.24103,5428.94,-4998.3,-3711.41
2.24688,5399.63,-5020.02,-3711.41
2.25273,5370.19,-5041.74,-3711.41
2.25858,5340.63,-5055.92,0
2.26443,5311.05,-5055.92,0
2.27028,5281.47,-5055.92,0
2.27614,5251.88,-5055.92,0
2.28199,5222.3,-5055.92,0
2.28784,5192.72,-5055.92,0
2.29369,5163.13,-5055.92,0
2.29954,5133.55,-5055.92,0
2.30539,5103.96,-5055.92,0
2.31124,5074.38,-5055.92,0
2.31709,5044.8,-5055.92,0
2.32295,5015.21,-5055.92,0
2.3288,4985.63,-5055.92,0
2.33465,4956.05,-5055.92,0
2.3405,4926.46,-5055.92,0
2.34635,4896.88,-5055.92,0
2.3522,4867.3,-5055.92,0
2.35805,4837.71,-5055.92,0
2.3639,4808.13,-5055.92,0
2.36976,4778.55,-5055.92,0
2.37561,4748.96,-5055.92,0
2.38146,4719.38,-5055.92,0
2.38731,4689.79,-5055.92,0
2.39316,4660.21,-5055.92,0
2.39901,4630.63,-5055.92,0
2.40486,4601.04,-5055.92,0
2.41071,4571.46,-5055.92,0
2.41657,4541.88,-5055.92,0
2.42242,4512.29,-5055.92,0
2.42827,4482.71,-5055.92,0
2.43412,4453.13,-5055.92,0
2.43997,4423.54,-5055.92,0
2.44582,4393.96,-5055.92,0
2.45167,4364.38,-5055.92,0
2.45752,4334.79,-5055.92,0
2.46338,4305.21,-5055.92,0
2.46923,4275.63,-5055.92,0
2.47508,4246.04,-5055.92,0
2.48093,4216.46,-5055.92,0
2.48678,4186.87,-5055.92,0
2.49263,4157.29,-5055.92,0
2.49848,4127.71,-5055.92,0
2.50433,4098.12,-5055.92,0
2.51019,4068.54,-5055.92,0
2.51604,4038.96,-5055.92,0
2.52189,4009.37,-5055.92,0
2.52774,3979.79,-5055.92,0
2.53359,3950.21,-5055.92,0
2.53944,3920.62,-5055.92,0
2.54529,3891.04,-5055.92,0
2.55115,3861.46,-5055.92,0
2.557,3831.87,-5055.92,0
2.56285,3802.29,-5055.92,0
2.5687,3772.71,-5055.92,0
2.57455,3743.12,-5055.92,0
2.5804,3713.54,-5055.92,0
2.58625,3683.95,-5055.92,0
2.5921,3654.37,-5055.92,0
2.59796,3624.79,-5055.92,0
2.60381,3595.2,-5055.92,0
2.60966,3565.62,-5055.92,0
2.61551,3536.04,-5055.92,0
2.62136,3506.45,-5055.92,0
2.62721,3476.87,-5055.92,0
2.63306,3447.29,-5055.92,0
2.63891,3417.7,-5055.92,0
2.64477,3388.12,-5055.92,0
2.65062,3358.54,-5055.92,0
2.65647,3328.95,-5055.92,0
2.66232,3299.37,-5055.92,0
2.66817,3269.78,-5055.92,0
2.67402,3240.2,-5055.92,0
2.67987,3210.62,-5055.92,0
2.68572,3181.03,-5055.92,0
2.69158,3151.45,-5055.92,0
2.69743,3121.87,-5055.92,0
2.70328,3092.28,-5055.92,0
2.70913,3062.7,-5055.92,0
2.71498,3033.12,-5055.92,0
2.72083,3003.53,-5055.92,0
2.72668,2973.95,-5055.92,0
2.73253,2944.37,-5055.92,0
2.73839,2914.78,-5055.92,0
2.74424,2885.2,-5055.92,0
2.75009,2855.61,-5055.92,0
2.75594,2826.03,-5055.92,0
2.76179,2796.45,-5055.92,0
2.76764,2766.86,-5055.92,0
2.77349,2737.28,-5055.92,0
2.77934,2707.7,-5055.92,0
2.7852,2678.11,-5055.92,0
2.79105,2648.53,-5055.92,0
2.7969,2618.95,-5055.92,0
2.80275,2589.36,-5055.92,0
2.8086,2559.78,-5055.92,0
2.81445,2530.2,-5055.92,0
2.8203,2500.61,-5055.92,0
2.82615,2471.03,-5055.92,0
2.83201,2441.45,-5055.92,0
2.83786,2411.86,-5055.92,0
2.84371,2382.28,-5055.92,0
2.84956,2352.69,-5055.92,0
2.85541,2323.11,-5055.92,0
2.86126,2293.53,-5055.92,0
2.86711,2263.94,-5055.92,0
2.87296,2234.36,-5055.92,0
2.87882,2204.78,-5055.92,0
2.88467,2175.19,-5055.92,0
2.89052,2145.61,-5055.92,0
2.89637,2116.03,-5055.92,0
2.90222,2086.44,-5055.92,0
2.90807,2056.86,-5055.92,0
2.91392,2027.28,-5055.92,0
2.91978,1997.69,-5055.92,0
2.92563,1968.11,-5055.92,0
2.93759,1907.87,-5011.51,3711.41
2.94956,1848.17,-4967.1,3711.41
2.96153,1789,-4922.68,3711.41
2.97349,1730.36,-4878.27,3711.41
2.98546,1672.25,-4833.86,3711.41
2.99742,1614.67,-4789.45,3711.41
3.00939,1557.62,-4745.03,3711.41
3.02136,1501.11,-4700.62,3711.41
3.03332,1445.12,-4656.21,3711.41
3.04529,1389.67,-4611.8,3711.41
3.05726,1334.75,-4567.38,3711.41
3.06922,1280.36,-4522.97,3711.41
3.08119,1226.5,-4478.56,3711.41
3.09316,1173.17,-4434.15,3711.41
3.10512,1120.38,-4389.74,3711.41
3.11709,1068.11,-4345.32,3711.41
3.12906,1016.38,-4300.91,3711.41
3.14102,965.182,-4256.5,3711.41
3.15299,914.512,-4212.09,3711.41
3.16495,864.375,-4167.67,3711.41
3.17692,814.768,-4123.26,3711.41
3.18889,765.693,-4078.85,3711.41
3.20085,717.15,-4034.44,3711.41
3.21282,669.138,-3990.02,3711.41
3.22479,621.657,-3945.61,3711.41
3.23675,574.708,-3901.2,3711.41
3.24872,528.291,-3856.79,3711.41
3.26069,482.404,-3812.38,3711.41
3.27265,437.05,-3767.96,3711.41
3.28462,392.226,-3723.55,3711.41
3.29659,347.935,-3679.14,3711.41
3.30855,304.174,-3634.73,3711.41
3.32052,260.945,-3590.31,3711.41
3.33248,218.248,-3545.9,3711.41
3.34445,176.082,-3501.49,3711.41
3.35642,134.447,-3457.08,3711.41
3.36838,93.3442,-3412.67,3711.41
3.38035,52.7728,-3368.25,3711.41
3.39232,12.7326,-3323.84,3711.41
3.40428,-26.7762,-3279.43,3711.41
3.41625,-65.7534,-3235.02,3711.41
3.42822,-104.199,-3190.6,3711.41
3.44018,-142.114,-3146.19,3711.41
3.45215,-179.497,-3101.78,3711.41
3.46411,-216.348,-3057.37,3711.41
3.47608,-252.668,-3012.96,3711.41
3.48805,-288.457,-2968.54,3711.41
3.50001,-323.714,-2924.13,3711.41
3.51198,-358.439,-2879.72,3711.41
3.52395,-392.633,-2835.31,3711.41
3.53591,-426.296,-2790.89,3711.41
3.54788,-459.427,-2746.48,3711.41
3.55985,-492.027,-2702.07,3711.41
3.57181,-524.095,-2657.66,3711.41
3.58378,-555.632,-2613.25,3711.41
3.59575,-586.638,-2568.83,3711.41
3.60771,-617.112,-2524.42,3711.41
3.61968,-647.054,-2480.01,3711.41
3.63164,-676.465,-2435.6,3711.41
3.64361,-705.345,-2391.18,3711.41
3.65558,-733.693,-2346.77,3711.41
3.66754,-761.51,-2302.36,3711.41
3.67951,-788.795,-2257.95,3711.41
3.69148,-815.549,-2213.54,3711.41
3.70344,-841.771,-2169.12,3711.41
3.71541,-867.462,-2124.71,3711.41
3.72738,-892.621,-2080.3,3711.41
3.73934,-917.25,-2035.89,3711.41
3.75131,-941.346,-1991.47,3711.41
3.76328,-964.911,-1947.06,3711.41
3.77524,-987.944,-1902.65,3711.41
3.78721,-1010.45,-1858.24,3711.41
3.79917,-1032.42,-1813.83,3711.41
3.81114,-1053.86,-1769.41,3711.41
3.82311,-1074.76,-1725,3711.41
3.83507,-1095.14,-1680.59,3711.41
3.84704,-1114.99,-1636.18,3711.41
3.85901,-1134.3,-1591.76,3711.41
3.87097,-1153.08,-1547.35,3711.41
3.88294,-1171.33,-1502.94,3711.41
3.89491,-1189.05,-1458.53,3711.41
3.90687,-1206.24,-1414.11,3711.41
3.91884,-1222.89,-1369.7,3711.41
3.9308,-1239.02,-1325.29,3711.41
3.94277,-1254.61,-1280.88,3711.41
3.95474,-1269.67,-1236.47,3711.41
3.9667,-1284.2,-1192.05,3711.41
3.97867,-1298.2,-1147.64,3711.41
3.99064,-1311.67,-1103.23,3711.41
4.0026,-1324.61,-1058.82,3711.41
4.01457,-1337.01,-1014.4,3711.41
4.02654,-1348.88,-969.99,3711.41
4.0385,-1360.23,-925.578,3711.41
4.05047,-1371.04,-881.166,3711.41
4.06244,-1381.31,-836.753,3711.41
4.0744,-1391.06,-792.341,3711.41
4.08637,-1400.28,-747.928,3711.41
4.09834,-1408.96,-703.516,3711.41
4.1103,-1417.12,-659.103,3711.41
4.12227,-1424.74,-614.691,3711.41
4.13423,-1431.83,-570.278,3711.41
4.1462,-1438.39,-525.866,3711.41
4.15817,-1444.41,-481.454,3711.41
4.17013,-1449.91,-437.041,3711.41
4.1821,-1454.87,-392.628,3711.41
4.19407,-1459.3,-348.216,3711.41
4.20603,-1463.21,-303.804,3711.41
4.218,-1466.58,-259.391,3711.41
4.22997,-1469.41,-214.979,3711.41
4.24193,-1471.72,-170.566,3711.41
4.2539,-1473.5,-126.154,3711.41
4.26587,-1474.74,-81.7412,3711.41
4.27783,-1475.45,-37.3286,3711.41
4.2898,-1475.63,7.0835,3711.41
4.30177,-1475.28,51.4961,3711.41
4.31373,-1474.4,95.9087,3711.41
4.3257,-1472.99,140.321,3711.41
4.33766,-1471.04,184.733,3711.41
4.34963,-1468.57,229.146,3711.41
4.3616,-1465.56,273.559,3711.41
4.37356,-1462.02,317.971,3711.41
4.38553,-1457.95,362.383,3711.41
4.3975,-1453.35,406.796,3711.41
4.40946,-1448.21,451.208,3711.41
4.42143,-1442.55,495.621,3711.41
4.4334,-1436.35,540.033,3711.41
4.44536,-1429.62,584.446,3711.41
4.45733,-1422.36,628.858,3711.41
4.4693,-1414.57,673.271,3711.41
4.48126,-1406.25,717.683,3711.41
4.49323,-1397.4,762.096,3711.41
4.5052,-1388.01,806.508,3711.41
4.51716,-1378.09,850.92,3711.41
4.52913,-1367.65,895.333,3711.41
4.54109,-1356.67,939.746,3711.41
4.55306,-1345.16,984.158,3711.41
4.56503,-1333.11,1028.57,3711.41
4.57699,-1320.54,1072.98,3711.41
4.58896,-1307.43,1117.4,3711.41
4.60093,-1293.8,1161.81,3711.41
4.61289,-1279.63,1206.22,3711.41
4.62486,-1264.93,1250.63,3711.41
4.63683,-1249.7,1295.04,3711.41
4.64879,-1233.93,1339.46,3711.41
4.66076,-1217.64,1383.87,3711.41
4.67273,-1200.81,1428.28,3711.41
4.68469,-1183.46,1472.69,3711.41
4.69666,-1165.57,1517.11,3711.41
4.70863,-1147.15,1561.52,3711.41
4.72059,-1128.2,1605.93,3711.41
4.73256,-1108.71,1650.34,3711.41
4.74452,-1088.7,1694.76,3711.41
4.75649,-1068.15,1739.17,3711.41
4.76846,-1047.07,1783.58,3711.41
4.78042,-1025.47,1827.99,3711.41
4.79239,-1003.33,1872.41,3711.41
4.80436,-980.653,1916.82,3711.41
4.81632,-957.45,1961.23,3711.41
4.82829,-933.716,2005.64,3711.41
4.84026,-909.449,2050.06,3711.41
4.85222,-884.652,2094.47,3711.41
4.86419,-859.322,2138.88,3711.41
4.87616,-833.462,2183.29,3711.41
4.88812,-807.07,2227.71,3711.41
4.90009,-780.146,2272.12,3711.41
4.91206,-752.692,2316.53,3711.41
4.92402,-724.705,2360.94,3711.41
4.93599,-696.188,2405.36,3711.41
4.94795,-667.138,2449.77,3711.41
4.95992,-637.557,2494.18,3711.41
4.97189,-607.445,2538.59,3711.41
4.98385,-576.801,2583.01,3711.41
4.99582,-545.626,2627.42,3711.41
5.00779,-513.919,2671.83,3711.41
5.01975,-481.681,2716.24,3711.41
5.03172,-448.911,2760.66,3711.41
5.04369,-415.611,2805.07,3711.41
5.05565,-381.778,2849.48,3711.41
5.06762,-347.414,2893.89,3711.41
5.07959,-312.52,2938.31,3711.41
5.09155,-277.092,2982.72,3711.41
5.10352,-241.134,3027.13,3711.41
5.11549,-204.644,3071.54,3711.41
5.12745,-167.623,3115.96,3711.41
5.13942,-130.07,3160.37,3711.41
5.15138,-91.9863,3204.78,3711.41
5.16335,-53.3701,3249.19,3711.41
5.17532,-14.2236,3293.61,3711.41
5.18728,25.4561,3338.02,3711.41
5.19925,65.666,3382.43,3711.41
5.21122,106.408,3426.84,3711.41
5.22318,147.68,3471.26,3711.41
5.23515,189.484,3515.67,3711.41
5.24712,231.82,3560.08,3711.41
5.25908,274.688,3604.49,3711.41
5.27105,318.087,3648.91,3711.41
5.28302,362.017,3693.32,3711.41
5.29498,406.479,3737.73,3711.41
5.30695,451.472,3782.14,3711.41
5.31891,496.996,3826.55,3711.41
5.33088,543.052,3870.97,3711.41
5.34285,589.64,3915.38,3711.41
5.35481,636.758,3959.79,3711.41
5.36678,684.409,4004.21,3711.41
5.37875,732.591,4048.62,3711.41
5.39071,781.305,4093.03,3711.41
5.40268,830.55,4137.44,3711.41
5.41465,880.326,4181.85,3711.41
5.42661,930.634,4226.27,3711.41
5.43858,981.473,4270.68,3711.41
5.45055,1032.84,4315.09,3711.41
5.46251,1084.74,4359.5,3711.41
5.47448,1137.18,4403.92,3711.41
5.48645,1190.14,4448.33,3711.41
5.49841,1243.64,4492.74,3711.41
5.51038,1297.67,4537.15,3711.41
5.52234,1352.23,4581.57,3711.41
5.53431,1407.32,4625.98,3711.41
5.54628,1462.94,4670.39,3711.41
5.55824,1519.09,4714.8,3711.41
5.57021,1575.78,4759.22,3711.41
5.58218,1633,4803.63,3711.41
5.59414,1690.75,4848.04,3711.41
5.60611,1749.02,4892.45,3711.41
5.61808,1807.84,4936.87,3711.41
5.63004,1867.18,4981.28,3711.41
5.64201,1927.05,5025.69,3711.41
5.65398,1987.43,5055.92,0
5.66594,2047.93,5055.92,0
5.67791,2108.43,5055.92,0
5.68988,2168.94,5055.92,0
5.70184,2229.44,5055.92,0
5.71381,2289.94,5055.92,0
5.72577,2350.44,5055.92,0
5.73774,2410.94,5055.92,0
5.74971,2471.44,5055.92,0
5.76167,2531.94,5055.92,0
5.77364,2592.45,5055.92,0
5.78561,2652.95,5055.92,0
5.79757,2713.45,5055.92,0
5.80954,2773.95,5055.92,0
5.82151,2834.45,5055.92,0
5.83347,2894.95,5055.92,0
5.84544,2955.46,5055.92,0
5.85741,3015.96,5055.92,0
5.86937,3076.46,5055.92,0
5.88134,3136.96,5055.92,0
5.89331,3197.46,5055.92,0
5.90527,3257.96,5055.92,0
5.91724,3318.46,5055.92,0
5.9292,3378.97,5055.92,0
5.94117,3439.47,5055.92,0
5.95314,3499.97,5055.92,0
5.9651,3560.47,5055.92,0
5.97707,3620.97,5055.92,0
5.98904,3681.47,5055.92,0
6.001,3741.97,5055.92,0
6.01297,3802.48,5055.92,0
6.02494,3862.98,5055.92,0
6.0369,3923.48,5055.92,0
6.04887,3983.98,5055.92,0
6.06084,4044.48,5055.92,0
6.0728,4104.98,5055.92,0
6.08477,4165.49,5055.92,0
6.09674,4225.99,5055.92,0
6.1087,4286.49,5055.92,0
6.12067,4346.99,5055.92,0
6.13263,4407.49,5055.92,0
6.1446,4467.99,5055.92,0
6.15657,4528.49,5055.92,0
6.16853,4589,5055.92,0
6.1805,4649.5,5055.92,0
6.19247,4710,5055.92,0
6.20443,4770.5,5055.92,0
6.2164,4831,5055.92,0
6.22837,4891.5,5055.92,0
6.24033,4952,5055.92,0
6.2523,5012.51,5055.92,0
6.26427,5073.01,5055.92,0
6.27623,5133.51,5055.92,0
6.2882,5194.01,5055.92,0
6.30017,5254.51,5055.92,0
6.31213,5315.01,5055.92,0
6.3241,5375.52,5055.92,0
6.33606,5436.02,5055.92,0
6.34803,5496.52,5055.92,0
6.36,5557.02,5055.92,0
6.37196,5617.52,5055.92,0
6.38393,5678.02,5055.92,0
6.3959,5738.52,5055.92,0
6.40786,5799.03,5055.92,0
6.41983,5859.53,5055.92,0
6.4318,5920.03,5055.92,0
6.44376,5980.53,5055.92,0
6.45573,6041.03,5055.92,0
6.4677,6101.53,5055.92,0
6.47966,6162.03,5055.92,0
6.49163,6222.54,5055.92,0
6.5036,6283.04,5055.92,0
6.51556,6343.54,5055.92,0
6.52753,6404.04,5055.92,0
6.53949,6464.54,5055.92,0
6.55146,6525.04,5055.92,0
6.56343,6585.55,5055.92,0
6.57539,6646.05,5055.92,0
6.58736,6706.55,5055.92,0
6.59933,6767.05,5055.92,0
6.61129,6827.55,5055.92,0
6.62326,6888.05,5055.92,0
6.63523,6948.55,5055.92,0
6.64719,7009.06,5055.92,0
6.65916,7069.56,5055.92,0
6.67113,7130.06,5055.92,0
6.68309,7190.56,5055.92,0
6.69506,7251.06,5055.92,0
6.70703,7311.56,5055.92,0
6.71899,7372.06,5055.92,0
6.73096,7432.57,5055.92,0
6.74292,7493.07,5055.92,0
6.75489,7553.57,5055.92,0
6.76686,7614.07,5055.92,0
6.77882,7674.57,5055.92,0
6.79079,7735.07,5055.92,0
6.80276,7795.58,5055.92,0
6.81472,7856.08,5055.92,0
6.82669,7916.58,5055.92,0
6.83866,7977.08,5055.92,0
6.85062,8037.58,5055.92,0
6.86259,8098.08,5055.92,0
6.87456,8158.58,5055.92,0
6.88652,8219.09,5055.92,0
6.89849,8279.59,5055.92,0
6.91045,8340.09,5055.92,0
6.92242,8400.59,5055.92,0
6.93439,8461.09,5055.92,0
6.94635,8521.59,5055.92,0
6.95832,8582.09,5055.92,0
6.97029,8642.59,5055.92,0
6.98225,8703.09,5055.92,0
6.99422,8763.59,5055.92,0
7.00619,8824.09,5055.92,0
7.01815,8884.59,5055.92,0
7.03012,8945.09,5055.92,0
7.04208,9005.59,5055.92,0
7.05405,9066.09,5055.92,0
7.06602,9126.59,5055.92,0
7.07798,9187.09,5055.92,0
7.08995,9247.59,5055.92,0
7.10191,9308.09,5055.92,0
7.11388,9368.59,5055.92,0
7.12585,9429.1,5055.92,0
7.13781,9489.6,5055.92,0
7.14978,9550.1,5055.92,0
7.16175,9610.6,5055.92,0
7.17371,9671.1,5055.92,0
7.18568,9731.6,5055.92,0
7.19764,9792.1,5055.92,0
7.20961,9852.6,5055.92,0
7.22158,9913.1,5055.92,0
7.23354,9973.6,5055.92,0
7.24551,10034.1,5055.92,0
7.25748,10094.6,5055.92,0
7.26944,10155.1,5055.92,0
7.28141,10215.6,5055.92,0
7.29337,10276.1,5055.92,0
7.30534,10336.6,5055.92,0
7.31731,10397.1,5055.92,0
7.32927,10457.6,5055.92,0
7.34124,10518.1,5055.92,0
7.35321,10578.6,5055.92,0
7.36517,10639.1,5055.92,0
7.37714,10699.6,5055.92,0
7.3891,10760.1,5055.92,0
7.40107,10820.6,5055.92,0
7.41304,10881.1,5055.92,0
7.425,10941.6,5055.92,0
7.43697,11002.1,5055.92,0
7.44894,11062.6,5055.92,0
7.4609,11123.1,5055.92,0
7.47287,11183.6,5055.92,0
7.48483,11244.1,5055.92,0
7.4968,11304.6,5055.92,0
7.50877,11365.1,5055.92,0
7.52073,11425.6,5055.92,0
7.5327,11486.1,5055.92,0
7.54467,11546.6,5055.92,0
7.55663,11606.9,5018.59,-3711.41
7.5686,11666.7,4974.18,-3711.41
7.58056,11726,4929.77,-3711.41
7.59253,11784.7,4885.35,-3711.41
7.6045,11842.9,4840.94,-3711.41
7.61646,11900.5,4796.53,-3711.41
7.62843,11957.7,4752.12,-3711.41
7.6404,12014.3,4707.71,-3711.41
7.65236,12070.3,4663.3,-3711.41
7.66433,12125.9,4618.88,-3711.41
7.67629,12180.9,4574.47,-3711.41
7.68826,12235.4,4530.06,-3711.41
7.70023,12289.3,4485.65,-3711.41
7.71219,12342.7,4441.24,-3711.41
7.72416,12395.6,4396.83,-3711.41
7.73612,12447.9,4352.41,-3711.41
7.74809,12499.8,4308,-3711.41
7.76006,12551,4263.59,-3711.41
7.77202,12601.8,4219.18,-3711.41
7.78399,12652,4174.77,-3711.41
7.79596,12701.7,4130.36,-3711.41
7.80792,12750.9,4085.94,-3711.41
7.81989,12799.5,4041.53,-3711.41
7.83185,12847.6,3997.12,-3711.41
7.84382,12895.2,3952.71,-3711.41
7.85579,12942.2,3908.3,-3711.41
7.86775,12988.7,3863.89,-3711.41
7.87972,13034.7,3819.48,-3711.41
7.89169,13080.1,3775.06,-3711.41
7.90365,13125,3730.65,-3711.41
7.91562,13169.4,3686.24,-3711.41
7.92758,13213.2,3641.83,-3711.41
7.93955,13256.5,3597.42,-3711.41
7.95152,13299.3,3553.01,-3711.41
7.96348,13341.6,3508.59,-3711.41
7.97545,13383.3,3464.18,-3711.41
7.98742,13424.5,3419.77,-3711.41
7.99938,13465.1,3375.36,-3711.41
8.01135,13505.3,3330.95,-3711.41
8.02331,13544.8,3286.54,-3711.41
8.03528,13583.9,3242.12,-3711.41
8.04725,13622.4,3197.71,-3711.41
8.05921,13660.4,3153.3,-3711.41
8.07118,13697.9,3108.89,-3711.41
8.08315,13734.8,3064.48,-3711.41
8.09511,13771.2,3020.07,-3711.41
8.10708,13807.1,2975.66,-3711.41
8.11904,13842.5,2931.24,-3711.41
8.13101,13877.3,2886.83,-3711.41
8.14298,13911.6,2842.42,-3711.41
8.15494,13945.3,2798.01,-3711.41
8.16691,13978.5,2753.6,-3711.41
8.17887,14011.2,2709.19,-3711.41
8.19084,14043.4,2664.77,-3711.41
8.20281,14075,2620.36,-3711.41
8.21477,14106.1,2575.95,-3711.41
8.22674,14136.6,2531.54,-3711.41
8.23871,14166.7,2487.13,-3711.41
8.25067,14196.1,2442.72,-3711.41
8.26264,14225.1,2398.3,-3711.41
8.2746,14253.5,2353.89,-3711.41
8.28657,14281.4,2309.48,-3711.41
8.29854,14308.8,2265.07,-3711.41
8.3105,14335.7,2220.66,-3711.41
8.32247,14362,2176.25,-3711.41
8.33444,14387.7,2131.84,-3711.41
8.3464,14413,2087.42,-3711.41
8.35837,14437.7,2043.01,-3711.41
8.37033,14461.9,1998.6,-3711.41
8.3823,14485.5,1954.19,-3711.41
8.39427,14508.6,1909.78,-3711.41
8.40623,14531.2,1865.37,-3711.41
8.4182,14553.3,1820.95,-3711.41
8.43017,14574.8,1776.54,-3711.41
8.44213,14595.8,1732.13,-3711.41
8.4541,14616.3,1687.72,-3711.41
8.46606,14636.2,1643.31,-3711.41
8.47803,14655.6,1598.9,-3711.41
8.49,14674.5,1554.48,-3711.41
8.50196,14692.8,1510.07,-3711.41
8.51393,14710.6,1465.66,-3711.41
8.5259,14727.9,1421.25,-3711.41
8.53786,14744.6,1376.84,-3711.41
8.54983,14760.8,1332.43,-3711.41
8.56179,14776.5,1288.02,-3711.41
8.57376,14791.6,1243.6,-3711.41
8.58573,14806.3,1199.19,-3711.41
8.59769,14820.3,1154.78,-3711.41
8.60966,14833.9,1110.37,-3711.41
8.62163,14846.9,1065.96,-3711.41
8.63359,14859.4,1021.55,-3711.41
8.64556,14871.4,977.134,-3711.41
8.65752,14882.8,932.723,-3711.41
8.66949,14893.7,888.311,-3711.41
8.68146,14904.1,843.9,-3711.41
8.69342,14913.9,799.488,-3711.41
8.70539,14923.2,755.076,-3711.41
8.71736,14932,710.665,-3711.41
8.72932,14940.2,666.253,-3711.41
8.74129,14947.9,621.842,-3711.41
8.75325,14955.1,577.43,-3711.41
8.76522,14961.7,533.019,-3711.41
8.77719,14967.8,488.607,-3711.41
8.78915,14973.4,444.195,-3711.41
8.80112,14978.5,399.784,-3711.41
8.81309,14983,355.372,-3711.41
8.82505,14987,310.961,-3711.41
8.83702,14990.4,266.549,-3711.41
8.84898,14993.4,222.138,-3711.41
8.86095,14995.7,177.726,-3711.41
8.87292,14997.6,133.314,-3711.41
8.88488,14998.9,88.9028,-3711.41
8.89685,14999.7,44.4912,-3711.41